-- phpMyAdmin SQL Dump
-- version 4.7.4
-- https://www.phpmyadmin.net/
--
-- Host: 127.0.0.1
-- Generation Time: Sep 24, 2023 at 04:19 PM
-- Server version: 10.1.29-MariaDB
-- PHP Version: 7.1.12

SET SQL_MODE = "NO_AUTO_VALUE_ON_ZERO";
SET AUTOCOMMIT = 0;
START TRANSACTION;
SET time_zone = "+00:00";


/*!40101 SET @OLD_CHARACTER_SET_CLIENT=@@CHARACTER_SET_CLIENT */;
/*!40101 SET @OLD_CHARACTER_SET_RESULTS=@@CHARACTER_SET_RESULTS */;
/*!40101 SET @OLD_COLLATION_CONNECTION=@@COLLATION_CONNECTION */;
/*!40101 SET NAMES utf8mb4 */;

--
-- Database: `bookoramalite2`
--

-- --------------------------------------------------------

--
-- Table structure for table `admin`
--

CREATE TABLE `admin` (
  `adminid` int(11) NOT NULL,
  `email` varchar(50) NOT NULL,
  `password` varchar(255) NOT NULL
) ENGINE=MyISAM DEFAULT CHARSET=latin1;

--
-- Dumping data for table `admin`
--

INSERT INTO `admin` (`adminid`, `email`, `password`) VALUES
(1, 'michelle@yahoo.com', '827ccb0eea8a706c4c34a16891f84e7b');

-- --------------------------------------------------------

--
-- Table structure for table `books`
--

CREATE TABLE `books` (
  `isbn` varchar(13) NOT NULL,
  `author` varchar(50) DEFAULT NULL,
  `title` varchar(100) DEFAULT NULL,
  `category_id` int(11) NOT NULL,
  `price` float(10,2) DEFAULT NULL
) ENGINE=MyISAM DEFAULT CHARSET=latin1;

--
-- Dumping data for table `books`
--

INSERT INTO `books` (`isbn`, `author`, `title`, `category_id`, `price`) VALUES
('0-672-31697-8', 'Michael Morgan', 'Java 2 for Professional Developers', 6, 34.99),
('0-672-31745-1', 'Thomas Down', 'Installing Debian GNU/Linux', 6, 24.99),
('0-672-31509-2', 'Pruitt, et al.', 'Teach Yourself GIMP in 24 Hours', 6, 24.99),
('0-672-31281-1', 'Clarita Michelle', 'Jakarta dan Debu Adalah Kawan', 3, 66.99);

-- --------------------------------------------------------

--
-- Table structure for table `book_reviews`
--

CREATE TABLE `book_reviews` (
  `isbn` varchar(13) NOT NULL,
  `review` text,
  `review_id` int(11) NOT NULL
) ENGINE=MyISAM DEFAULT CHARSET=latin1;

--
-- Dumping data for table `book_reviews`
--

INSERT INTO `book_reviews` (`isbn`, `review`, `review_id`) VALUES
('0-672-31697-8', 'Morgan\'s book is clearly written and goes well beyond \r\n                     most of the basic Java books out there.', 1),
('0-672-31697-8', 'Its a great book!', 2);

-- --------------------------------------------------------

--
-- Table structure for table `category`
--

CREATE TABLE `category` (
  `id` int(11) NOT NULL,
  `title` varchar(255) NOT NULL
) ENGINE=InnoDB DEFAULT CHARSET=utf8mb4;

--
-- Dumping data for table `category`
--

INSERT INTO `category` (`id`, `title`) VALUES
(1, 'Sci-fi'),
(2, 'Romance'),
(3, 'Drama'),
(4, 'Action'),
(6, 'Nonfiction'),
(8, 'Comedy');

-- --------------------------------------------------------

--
-- Table structure for table `customers`
--

CREATE TABLE `customers` (
  `customerid` int(10) UNSIGNED NOT NULL,
  `name` varchar(50) NOT NULL,
  `address` varchar(100) NOT NULL,
  `city` varchar(30) NOT NULL
) ENGINE=MyISAM DEFAULT CHARSET=latin1;

--
-- Dumping data for table `customers`
--

INSERT INTO `customers` (`customerid`, `name`, `address`, `city`) VALUES
(1, 'Michelle Arthur', '357 North Road A', 'Yarraville'),
(2, 'Anne', 'Boulevard \' Street', 'Box Hill'),
(3, 'Melly', 'Vicoria Street', 'Airport West'),
(4, 'Rose', 'Queen Street', 'Airport West'),
(5, 'Alan Wonga', 'Buanglow Street', 'Airport West'),
(6, 'Dionysius Mario', 'Jl. Nangka IV No. 39, RT 04/RW 01, Cengkareng Barat', 'Box Hill');

-- --------------------------------------------------------

--
-- Table structure for table `orders`
--

CREATE TABLE `orders` (
  `orderid` int(10) UNSIGNED NOT NULL,
  `customerid` int(10) UNSIGNED NOT NULL,
  `amount` float(6,2) DEFAULT NULL,
  `date` date NOT NULL
) ENGINE=MyISAM DEFAULT CHARSET=latin1;

--
-- Dumping data for table `orders`
--

INSERT INTO `orders` (`orderid`, `customerid`, `amount`, `date`) VALUES
(1, 3, 69.98, '2000-04-02'),
(2, 1, 49.99, '2000-04-15'),
(3, 2, 74.98, '2000-04-19'),
(4, 3, 24.99, '2000-05-01');

-- --------------------------------------------------------

--
-- Table structure for table `order_items`
--

CREATE TABLE `order_items` (
  `orderid` int(10) UNSIGNED NOT NULL,
  `isbn` char(13) NOT NULL,
  `quantity` tinyint(3) UNSIGNED DEFAULT NULL
) ENGINE=MyISAM DEFAULT CHARSET=latin1;

--
-- Dumping data for table `order_items`
--

INSERT INTO `order_items` (`orderid`, `isbn`, `quantity`) VALUES
(1, '0-672-31697-8', 2),
(2, '0-672-31769-9', 1),
(3, '0-672-31769-9', 1),
(3, '0-672-31509-2', 1),
(4, '0-672-31745-1', 3);

--
-- Indexes for dumped tables
--

--
-- Indexes for table `admin`
--
ALTER TABLE `admin`
  ADD PRIMARY KEY (`adminid`);

--
-- Indexes for table `books`
--
ALTER TABLE `books`
  ADD PRIMARY KEY (`isbn`);

--
-- Indexes for table `book_reviews`
--
ALTER TABLE `book_reviews`
  ADD PRIMARY KEY (`review_id`);

--
-- Indexes for table `category`
--
ALTER TABLE `category`
  ADD PRIMARY KEY (`id`);

--
-- Indexes for table `customers`
--
ALTER TABLE `customers`
  ADD PRIMARY KEY (`customerid`);

--
-- Indexes for table `orders`
--
ALTER TABLE `orders`
  ADD PRIMARY KEY (`orderid`);

--
-- Indexes for table `order_items`
--
ALTER TABLE `order_items`
  ADD PRIMARY KEY (`orderid`,`isbn`);

--
-- AUTO_INCREMENT for dumped tables
--

--
-- AUTO_INCREMENT for table `admin`
--
ALTER TABLE `admin`
  MODIFY `adminid` int(11) NOT NULL AUTO_INCREMENT, AUTO_INCREMENT=2;

--
-- AUTO_INCREMENT for table `book_reviews`
--
ALTER TABLE `book_reviews`
  MODIFY `review_id` int(11) NOT NULL AUTO_INCREMENT, AUTO_INCREMENT=3;

--
-- AUTO_INCREMENT for table `category`
--
ALTER TABLE `category`
  MODIFY `id` int(11) NOT NULL AUTO_INCREMENT, AUTO_INCREMENT=9;

--
-- AUTO_INCREMENT for table `customers`
--
ALTER TABLE `customers`
  MODIFY `customerid` int(10) UNSIGNED NOT NULL AUTO_INCREMENT, AUTO_INCREMENT=128;

--
-- AUTO_INCREMENT for table `orders`
--
ALTER TABLE `orders`
  MODIFY `orderid` int(10) UNSIGNED NOT NULL AUTO_INCREMENT, AUTO_INCREMENT=5;
COMMIT;

/*!40101 SET CHARACTER_SET_CLIENT=@OLD_CHARACTER_SET_CLIENT */;
/*!40101 SET CHARACTER_SET_RESULTS=@OLD_CHARACTER_SET_RESULTS */;
/*!40101 SET COLLATION_CONNECTION=@OLD_COLLATION_CONNECTION */;
